Recall,Precision
0.0,1.0
0.1,0.988477366255144
0.2,0.988477366255144
0.30000000000000004,0.988477366255144
0.4,0.988477366255144
0.5,0.988477366255144
0.6000000000000001,0.988477366255144
0.7000000000000001,0.988477366255144
0.8,0.988477366255144
0.9,0.988477366255144
1.0,0.988477366255144
